
--塞入[KGO_ORGAN]
delete from [dbo].[KGO_ORGAN] where
insert into [dbo].[KGO_ORGAN](OrganId,OrganName,CreateTime,BelongKgo)  values ('0902080013','阮綜合醫療社團法人阮綜合醫院',GETDATE(),0);
insert into [dbo].[KGO_ORGAN](OrganId,OrganName,CreateTime,BelongKgo)  values ('0502030015','國軍高雄總醫院左營分院附設民眾診療服務處',GETDATE(),0);
insert into [dbo].[KGO_ORGAN](OrganId,OrganName,CreateTime,BelongKgo)  values ('0142030019','衛生福利部旗山醫院',GETDATE(),0);
insert into [dbo].[KGO_ORGAN](OrganId,OrganName,CreateTime,BelongKgo)  values ('0102070020','高雄市立大同醫院（委託財團法人私立高雄醫學大學經營）',GETDATE(),0);
insert into [dbo].[KGO_ORGAN](OrganId,OrganName,CreateTime,BelongKgo)  values ('3542011775','邱正義婦產科診所',GETDATE(),0);

insert into [dbo].[KGO_ORGAN](OrganId,OrganName,CreateTime,BelongKgo)  values ('3507321505','安安十全婦幼診所',GETDATE(),0);
insert into [dbo].[KGO_ORGAN](OrganId,OrganName,CreateTime,BelongKgo)  values ('3507310226','翁仲仁婦產科',GETDATE(),0);
insert into [dbo].[KGO_ORGAN](OrganId,OrganName,CreateTime,BelongKgo)  values ('3507301343','悠仁婦產科診所',GETDATE(),0);
insert into [dbo].[KGO_ORGAN](OrganId,OrganName,CreateTime,BelongKgo)  values ('3507020192','金禾美診所',GETDATE(),0);
insert into [dbo].[KGO_ORGAN](OrganId,OrganName,CreateTime,BelongKgo)  values ('3507020030','岡山杏生婦產科診所',GETDATE(),0);
insert into [dbo].[KGO_ORGAN](OrganId,OrganName,CreateTime,BelongKgo)  values ('3502097684','吳玉珍婦產科診所',GETDATE(),0);

insert into [dbo].[KGO_ORGAN](OrganId,OrganName,CreateTime,BelongKgo)  values ('3502052149','王婦產科',GETDATE(),0);
insert into [dbo].[KGO_ORGAN](OrganId,OrganName,CreateTime,BelongKgo)  values ('3502030732','蘇婦產科診所',GETDATE(),0);
insert into [dbo].[KGO_ORGAN](OrganId,OrganName,CreateTime,BelongKgo)  values ('3502021760','容婦產科診所',GETDATE(),0);
insert into [dbo].[KGO_ORGAN](OrganId,OrganName,CreateTime,BelongKgo)  values ('3501290587','張榮州婦產科診所',GETDATE(),0);
insert into [dbo].[KGO_ORGAN](OrganId,OrganName,CreateTime,BelongKgo)  values ('2342180010','永安區衛生所',GETDATE(),0);

insert into [dbo].[KGO_ORGAN](OrganId,OrganName,CreateTime,BelongKgo)  values ('1542062077','樂生婦幼醫院',GETDATE(),0);
insert into [dbo].[KGO_ORGAN](OrganId,OrganName,CreateTime,BelongKgo)  values ('1542010141','優生婦產科醫院',GETDATE(),0);
insert into [dbo].[KGO_ORGAN](OrganId,OrganName,CreateTime,BelongKgo)  values ('1507310037','高大美杏生醫院',GETDATE(),0);
insert into [dbo].[KGO_ORGAN](OrganId,OrganName,CreateTime,BelongKgo)  values ('1507310019','金安心醫院',GETDATE(),0);
insert into [dbo].[KGO_ORGAN](OrganId,OrganName,CreateTime,BelongKgo)  values ('1507300022','博愛蕙馨醫院',GETDATE(),0);

insert into [dbo].[KGO_ORGAN](OrganId,OrganName,CreateTime,BelongKgo)  values ('1502111089','戴銘浚婦兒醫院',GETDATE(),0);
insert into [dbo].[KGO_ORGAN](OrganId,OrganName,CreateTime,BelongKgo)  values ('1502070118','健新醫院',GETDATE(),0);
insert into [dbo].[KGO_ORGAN](OrganId,OrganName,CreateTime,BelongKgo)  values ('1502051426','四季台安醫院',GETDATE(),0);
insert into [dbo].[KGO_ORGAN](OrganId,OrganName,CreateTime,BelongKgo)  values ('1502050045','德謙醫院',GETDATE(),0);
insert into [dbo].[KGO_ORGAN](OrganId,OrganName,CreateTime,BelongKgo)  values ('1302050014','高雄醫學大學附設醫院',GETDATE(),0);

insert into [dbo].[KGO_ORGAN](OrganId,OrganName,CreateTime,BelongKgo)  values ('1142120001','義大醫療財團法人義大醫院',GETDATE(),0);
insert into [dbo].[KGO_ORGAN](OrganId,OrganName,CreateTime,BelongKgo)  values ('1107350015','天主教聖功醫療財團法人聖功醫院',GETDATE(),0);
insert into [dbo].[KGO_ORGAN](OrganId,OrganName,CreateTime,BelongKgo)  values ('1107320017','義大大昌醫院',GETDATE(),0);
insert into [dbo].[KGO_ORGAN](OrganId,OrganName,CreateTime,BelongKgo)  values ('1102110011','高雄市立小港醫院（委託財團法人私立高雄醫學大學經營）',GETDATE(),0);
insert into [dbo].[KGO_ORGAN](OrganId,OrganName,CreateTime,BelongKgo)  values ('1507300068','鈞安婦幼聯合醫院',GETDATE(),0);

insert into [dbo].[KGO_ORGAN](OrganId,OrganName,CreateTime,BelongKgo)  values ('1507360028','新正薪醫院',GETDATE(),0);
insert into [dbo].[KGO_ORGAN](OrganId,OrganName,CreateTime,BelongKgo)  values ('3502110691','小港安生婦產科診所',GETDATE(),0);
insert into [dbo].[KGO_ORGAN](OrganId,OrganName,CreateTime,BelongKgo)  values ('1142100017','長庚醫療財團法人高雄長庚紀念醫院',GETDATE(),0);
insert into [dbo].[KGO_ORGAN](OrganId,OrganName,CreateTime,BelongKgo)  values ('1502090209','吳昆哲婦產小兒科醫院',GETDATE(),0);
insert into [dbo].[KGO_ORGAN](OrganId,OrganName,CreateTime,BelongKgo)  values ('0502080015','國軍高雄總醫院',GETDATE(),0);
insert into [dbo].[KGO_ORGAN](OrganId,OrganName,CreateTime,BelongKgo)  values ('1502031095','馨蕙馨醫院',GETDATE(),0);
insert into [dbo].[KGO_ORGAN](OrganId,OrganName,CreateTime,BelongKgo)  values ('3502032914','怡廷婦產科診所',GETDATE(),0);

--市民科技
insert into [dbo].[KGO_ORGAN](OrganId,OrganName,CreateTime,BelongKgo)  values ('KHCITY0000','市民科技網',GETDATE(),0);

--市府單位
delete from GEO_KGO_CASESET_ALLOW_ORGAN;

insert into [dbo].[GEO_KGO_CASESET_ALLOW_ORGAN](caseset_id,organ_id)  values ('S2020112500004','397120100J'); --社會局仁愛之家
insert into [dbo].[GEO_KGO_CASESET_ALLOW_ORGAN](caseset_id,organ_id)  values ('S2020112500004','397120200J'); --社會局無障礙之家
insert into [dbo].[GEO_KGO_CASESET_ALLOW_ORGAN](caseset_id,organ_id)  values ('S2020112500004','397120300J'); --社會局家庭暴力及性侵害防治中心
insert into [dbo].[GEO_KGO_CASESET_ALLOW_ORGAN](caseset_id,organ_id)  values ('S2020112500004','397400000I'); --毒品防制局
insert into [dbo].[GEO_KGO_CASESET_ALLOW_ORGAN](caseset_id,organ_id)  values ('S2020112500004','397140000I'); --各衛生所
insert into [dbo].[GEO_KGO_CASESET_ALLOW_ORGAN](caseset_id,organ_id)  values ('S2020112500004','397340000A'); --原住民事務委員會
insert into [dbo].[GEO_KGO_CASESET_ALLOW_ORGAN](caseset_id,organ_id)  values ('S2020112500004','397220100A'); --原住民事務委員會

--區公所
insert into [dbo].[GEO_KGO_CASESET_ALLOW_ORGAN](caseset_id,organ_id)  values ('S2020112500004','397510000A'); --鹽埕區公所
insert into [dbo].[GEO_KGO_CASESET_ALLOW_ORGAN](caseset_id,organ_id)  values ('S2020112500004','397520000A'); --鼓山區公所
insert into [dbo].[GEO_KGO_CASESET_ALLOW_ORGAN](caseset_id,organ_id)  values ('S2020112500004','397530000A'); --左營區公所
insert into [dbo].[GEO_KGO_CASESET_ALLOW_ORGAN](caseset_id,organ_id)  values ('S2020112500004','397540000A'); --楠梓區公所
insert into [dbo].[GEO_KGO_CASESET_ALLOW_ORGAN](caseset_id,organ_id)  values ('S2020112500004','397550000A'); --三民區公所
insert into [dbo].[GEO_KGO_CASESET_ALLOW_ORGAN](caseset_id,organ_id)  values ('S2020112500004','397560000A'); --新興區公所
insert into [dbo].[GEO_KGO_CASESET_ALLOW_ORGAN](caseset_id,organ_id)  values ('S2020112500004','397570000A'); --前金區公所
insert into [dbo].[GEO_KGO_CASESET_ALLOW_ORGAN](caseset_id,organ_id)  values ('S2020112500004','397580000A'); --苓雅區公所
insert into [dbo].[GEO_KGO_CASESET_ALLOW_ORGAN](caseset_id,organ_id)  values ('S2020112500004','397590000A'); --前鎮區公所
insert into [dbo].[GEO_KGO_CASESET_ALLOW_ORGAN](caseset_id,organ_id)  values ('S2020112500004','397600000A'); --旗津區公所
insert into [dbo].[GEO_KGO_CASESET_ALLOW_ORGAN](caseset_id,organ_id)  values ('S2020112500004','397610000A'); --小港區公所
insert into [dbo].[GEO_KGO_CASESET_ALLOW_ORGAN](caseset_id,organ_id)  values ('S2020112500004','397620000A'); --鳳山區公所
insert into [dbo].[GEO_KGO_CASESET_ALLOW_ORGAN](caseset_id,organ_id)  values ('S2020112500004','397630000A'); --岡山區公所
insert into [dbo].[GEO_KGO_CASESET_ALLOW_ORGAN](caseset_id,organ_id)  values ('S2020112500004','397640000A'); --旗山區公所
insert into [dbo].[GEO_KGO_CASESET_ALLOW_ORGAN](caseset_id,organ_id)  values ('S2020112500004','397650000A'); --美濃區公所
insert into [dbo].[GEO_KGO_CASESET_ALLOW_ORGAN](caseset_id,organ_id)  values ('S2020112500004','397660000A'); --林園區公所
insert into [dbo].[GEO_KGO_CASESET_ALLOW_ORGAN](caseset_id,organ_id)  values ('S2020112500004','397670000A'); --大寮區公所
insert into [dbo].[GEO_KGO_CASESET_ALLOW_ORGAN](caseset_id,organ_id)  values ('S2020112500004','397680000A'); --大樹區公所
insert into [dbo].[GEO_KGO_CASESET_ALLOW_ORGAN](caseset_id,organ_id)  values ('S2020112500004','397690000A'); --仁武區公所
insert into [dbo].[GEO_KGO_CASESET_ALLOW_ORGAN](caseset_id,organ_id)  values ('S2020112500004','397700000A'); --大社區公所
insert into [dbo].[GEO_KGO_CASESET_ALLOW_ORGAN](caseset_id,organ_id)  values ('S2020112500004','397710000A'); --鳥松區公所
insert into [dbo].[GEO_KGO_CASESET_ALLOW_ORGAN](caseset_id,organ_id)  values ('S2020112500004','397720000A'); --橋頭區公所
insert into [dbo].[GEO_KGO_CASESET_ALLOW_ORGAN](caseset_id,organ_id)  values ('S2020112500004','397730000A'); --燕巢區公所
insert into [dbo].[GEO_KGO_CASESET_ALLOW_ORGAN](caseset_id,organ_id)  values ('S2020112500004','397740000A'); --田寮區公所
insert into [dbo].[GEO_KGO_CASESET_ALLOW_ORGAN](caseset_id,organ_id)  values ('S2020112500004','397750000A'); --阿蓮區公所
insert into [dbo].[GEO_KGO_CASESET_ALLOW_ORGAN](caseset_id,organ_id)  values ('S2020112500004','397760000A'); --路竹區公所
insert into [dbo].[GEO_KGO_CASESET_ALLOW_ORGAN](caseset_id,organ_id)  values ('S2020112500004','397770000A'); --湖內區公所
insert into [dbo].[GEO_KGO_CASESET_ALLOW_ORGAN](caseset_id,organ_id)  values ('S2020112500004','397780000A'); --茄萣區公所
insert into [dbo].[GEO_KGO_CASESET_ALLOW_ORGAN](caseset_id,organ_id)  values ('S2020112500004','397790000A'); --永安區公所
insert into [dbo].[GEO_KGO_CASESET_ALLOW_ORGAN](caseset_id,organ_id)  values ('S2020112500004','397800000A'); --彌陀區公所
insert into [dbo].[GEO_KGO_CASESET_ALLOW_ORGAN](caseset_id,organ_id)  values ('S2020112500004','397810000A'); --梓官區公所
insert into [dbo].[GEO_KGO_CASESET_ALLOW_ORGAN](caseset_id,organ_id)  values ('S2020112500004','397820000A'); --六龜區公所
insert into [dbo].[GEO_KGO_CASESET_ALLOW_ORGAN](caseset_id,organ_id)  values ('S2020112500004','397830000A'); --甲仙區公所
insert into [dbo].[GEO_KGO_CASESET_ALLOW_ORGAN](caseset_id,organ_id)  values ('S2020112500004','397840000A'); --杉林區公所
insert into [dbo].[GEO_KGO_CASESET_ALLOW_ORGAN](caseset_id,organ_id)  values ('S2020112500004','397850000A'); --內門區公所
insert into [dbo].[GEO_KGO_CASESET_ALLOW_ORGAN](caseset_id,organ_id)  values ('S2020112500004','397860000A'); --茂林區公所
insert into [dbo].[GEO_KGO_CASESET_ALLOW_ORGAN](caseset_id,organ_id)  values ('S2020112500004','397870000A'); --桃源區公所
insert into [dbo].[GEO_KGO_CASESET_ALLOW_ORGAN](caseset_id,organ_id)  values ('S2020112500004','397880000A'); --那瑪夏區公所

--診所
insert into [dbo].[GEO_KGO_CASESET_ALLOW_ORGAN](caseset_id,organ_id)  values ('S2020112500004','0902080013');
insert into [dbo].[GEO_KGO_CASESET_ALLOW_ORGAN](caseset_id,organ_id)  values ('S2020112500004','0502030015');
insert into [dbo].[GEO_KGO_CASESET_ALLOW_ORGAN](caseset_id,organ_id)  values ('S2020112500004','0142030019');
insert into [dbo].[GEO_KGO_CASESET_ALLOW_ORGAN](caseset_id,organ_id)  values ('S2020112500004','0102070020');
insert into [dbo].[GEO_KGO_CASESET_ALLOW_ORGAN](caseset_id,organ_id)  values ('S2020112500004','3542011775');

insert into [dbo].[GEO_KGO_CASESET_ALLOW_ORGAN](caseset_id,organ_id)  values ('S2020112500004','3507310226');
insert into [dbo].[GEO_KGO_CASESET_ALLOW_ORGAN](caseset_id,organ_id)  values ('S2020112500004','3507301343');
insert into [dbo].[GEO_KGO_CASESET_ALLOW_ORGAN](caseset_id,organ_id)  values ('S2020112500004','3507020192');
insert into [dbo].[GEO_KGO_CASESET_ALLOW_ORGAN](caseset_id,organ_id)  values ('S2020112500004','3507020030');
insert into [dbo].[GEO_KGO_CASESET_ALLOW_ORGAN](caseset_id,organ_id)  values ('S2020112500004','3502097684');

insert into [dbo].[GEO_KGO_CASESET_ALLOW_ORGAN](caseset_id,organ_id)  values ('S2020112500004','3502052149');
insert into [dbo].[GEO_KGO_CASESET_ALLOW_ORGAN](caseset_id,organ_id)  values ('S2020112500004','3502030732');
insert into [dbo].[GEO_KGO_CASESET_ALLOW_ORGAN](caseset_id,organ_id)  values ('S2020112500004','3502021760');
insert into [dbo].[GEO_KGO_CASESET_ALLOW_ORGAN](caseset_id,organ_id)  values ('S2020112500004','3501290587');
insert into [dbo].[GEO_KGO_CASESET_ALLOW_ORGAN](caseset_id,organ_id)  values ('S2020112500004','2342180010');

insert into [dbo].[GEO_KGO_CASESET_ALLOW_ORGAN](caseset_id,organ_id)  values ('S2020112500004','1542062077');
insert into [dbo].[GEO_KGO_CASESET_ALLOW_ORGAN](caseset_id,organ_id)  values ('S2020112500004','1542010141');
insert into [dbo].[GEO_KGO_CASESET_ALLOW_ORGAN](caseset_id,organ_id)  values ('S2020112500004','1507310037');
insert into [dbo].[GEO_KGO_CASESET_ALLOW_ORGAN](caseset_id,organ_id)  values ('S2020112500004','1507310019');
insert into [dbo].[GEO_KGO_CASESET_ALLOW_ORGAN](caseset_id,organ_id)  values ('S2020112500004','1507300022');

insert into [dbo].[GEO_KGO_CASESET_ALLOW_ORGAN](caseset_id,organ_id)  values ('S2020112500004','1502111089');
insert into [dbo].[GEO_KGO_CASESET_ALLOW_ORGAN](caseset_id,organ_id)  values ('S2020112500004','1502070118');
insert into [dbo].[GEO_KGO_CASESET_ALLOW_ORGAN](caseset_id,organ_id)  values ('S2020112500004','1502051426');
insert into [dbo].[GEO_KGO_CASESET_ALLOW_ORGAN](caseset_id,organ_id)  values ('S2020112500004','1502050045');
insert into [dbo].[GEO_KGO_CASESET_ALLOW_ORGAN](caseset_id,organ_id)  values ('S2020112500004','1302050014');

insert into [dbo].[GEO_KGO_CASESET_ALLOW_ORGAN](caseset_id,organ_id)  values ('S2020112500004','1142120001');
insert into [dbo].[GEO_KGO_CASESET_ALLOW_ORGAN](caseset_id,organ_id)  values ('S2020112500004','1107350015');
insert into [dbo].[GEO_KGO_CASESET_ALLOW_ORGAN](caseset_id,organ_id)  values ('S2020112500004','1107320017');
insert into [dbo].[GEO_KGO_CASESET_ALLOW_ORGAN](caseset_id,organ_id)  values ('S2020112500004','1102110011');
insert into [dbo].[GEO_KGO_CASESET_ALLOW_ORGAN](caseset_id,organ_id)  values ('S2020112500004','1507300068');

insert into [dbo].[GEO_KGO_CASESET_ALLOW_ORGAN](caseset_id,organ_id)  values ('S2020112500004','1507360028');
insert into [dbo].[GEO_KGO_CASESET_ALLOW_ORGAN](caseset_id,organ_id)  values ('S2020112500004','3502110691');
insert into [dbo].[GEO_KGO_CASESET_ALLOW_ORGAN](caseset_id,organ_id)  values ('S2020112500004','1142100017');
insert into [dbo].[GEO_KGO_CASESET_ALLOW_ORGAN](caseset_id,organ_id)  values ('S2020112500004','1502090209');
insert into [dbo].[GEO_KGO_CASESET_ALLOW_ORGAN](caseset_id,organ_id)  values ('S2020112500004','0502080015');

insert into [dbo].[GEO_KGO_CASESET_ALLOW_ORGAN](caseset_id,organ_id)  values ('S2020112500004','1507310019');
insert into [dbo].[GEO_KGO_CASESET_ALLOW_ORGAN](caseset_id,organ_id)  values ('S2020112500004','1502031095');
insert into [dbo].[GEO_KGO_CASESET_ALLOW_ORGAN](caseset_id,organ_id)  values ('S2020112500004','3502032914');


-------塞入[GEO_KGO_HCA_ORGAN]
delete from GEO_KGO_HCA_ORGAN
insert into [dbo].[GEO_KGO_HCA_ORGAN](hca_card_number,organ_id,hca_name,hca_idn)  values ('000085709313','0902080013','陳淑梅','E220822787');
insert into [dbo].[GEO_KGO_HCA_ORGAN](hca_card_number,organ_id,hca_name,hca_idn)  values ('000085709313','0502030015','劉惠容','Q222253207');
insert into [dbo].[GEO_KGO_HCA_ORGAN](hca_card_number,organ_id,hca_name,hca_idn)  values ('000060813251','0142030019','蕭櫻華','S222421592');
insert into [dbo].[GEO_KGO_HCA_ORGAN](hca_card_number,organ_id,hca_name,hca_idn)  values ('000064181236','0102070020','劉詠雲','S221066980');
insert into [dbo].[GEO_KGO_HCA_ORGAN](hca_card_number,organ_id,hca_name,hca_idn)  values ('000082157558','3542011775','邱正義','S101657545');

insert into [dbo].[GEO_KGO_HCA_ORGAN](hca_card_number,organ_id,hca_name,hca_idn)  values ('000069177388','3507321505','張美娟','E221878372');
insert into [dbo].[GEO_KGO_HCA_ORGAN](hca_card_number,organ_id,hca_name,hca_idn)  values ('000000917225','3507310226','朱乃維','S220895245');
insert into [dbo].[GEO_KGO_HCA_ORGAN](hca_card_number,organ_id,hca_name,hca_idn)  values ('000072402187','3507301343','許雅婷','E222452327');
insert into [dbo].[GEO_KGO_HCA_ORGAN](hca_card_number,organ_id,hca_name,hca_idn)  values ('000068853570','3507020192','邵秝煒','S223951624');
insert into [dbo].[GEO_KGO_HCA_ORGAN](hca_card_number,organ_id,hca_name,hca_idn)  values ('000006963409','3507020192','陳怡卉','S224734216');

insert into [dbo].[GEO_KGO_HCA_ORGAN](hca_card_number,organ_id,hca_name,hca_idn)  values ('000072652959','3507020030','王英妮','M221832201');
insert into [dbo].[GEO_KGO_HCA_ORGAN](hca_card_number,organ_id,hca_name,hca_idn)  values ('000002250002','3502097684','彭美如','J221024038');
insert into [dbo].[GEO_KGO_HCA_ORGAN](hca_card_number,organ_id,hca_name,hca_idn)  values ('000018368882','3502052149','黃靖淳','R221268787');
insert into [dbo].[GEO_KGO_HCA_ORGAN](hca_card_number,organ_id,hca_name,hca_idn)  values ('000082002175','3502030732','蘇守良','D120146396');
insert into [dbo].[GEO_KGO_HCA_ORGAN](hca_card_number,organ_id,hca_name,hca_idn)  values ('000007320094','3502021760','陳學慧','E224125789');

insert into [dbo].[GEO_KGO_HCA_ORGAN](hca_card_number,organ_id,hca_name,hca_idn)  values ('000051779877','3501290587','張玉佩','E221085411');
insert into [dbo].[GEO_KGO_HCA_ORGAN](hca_card_number,organ_id,hca_name,hca_idn)  values ('000014659958','2342180010','梁耀予','R223224989');
insert into [dbo].[GEO_KGO_HCA_ORGAN](hca_card_number,organ_id,hca_name,hca_idn)  values ('000050505767','1542062077','賴依君','T222712222');
insert into [dbo].[GEO_KGO_HCA_ORGAN](hca_card_number,organ_id,hca_name,hca_idn)  values ('000059306931','1542010141','蔡溱庭','p220811371');
insert into [dbo].[GEO_KGO_HCA_ORGAN](hca_card_number,organ_id,hca_name,hca_idn)  values ('000079223026','1507360028','黃悦淑','H221808266');

insert into [dbo].[GEO_KGO_HCA_ORGAN](hca_card_number,organ_id,hca_name,hca_idn)  values ('000000687198','1507310037','查憶慧','X220368326');
insert into [dbo].[GEO_KGO_HCA_ORGAN](hca_card_number,organ_id,hca_name,hca_idn)  values ('000069045519','1507310019','彭宥榛','S224091145');
insert into [dbo].[GEO_KGO_HCA_ORGAN](hca_card_number,organ_id,hca_name,hca_idn)  values ('000004889539','1507300022','田景如','E220563005');
insert into [dbo].[GEO_KGO_HCA_ORGAN](hca_card_number,organ_id,hca_name,hca_idn)  values ('000085392064','1502111089','李佩珊','E224253199');
insert into [dbo].[GEO_KGO_HCA_ORGAN](hca_card_number,organ_id,hca_name,hca_idn)  values ('000001689194','1502070118','許文姿','E221548066');

insert into [dbo].[GEO_KGO_HCA_ORGAN](hca_card_number,organ_id,hca_name,hca_idn)  values ('000004889635','1502051426','郭美錦','T222689166');
insert into [dbo].[GEO_KGO_HCA_ORGAN](hca_card_number,organ_id,hca_name,hca_idn)  values ('000076928502','1502050045','唐湘玲','V220845159');
insert into [dbo].[GEO_KGO_HCA_ORGAN](hca_card_number,organ_id,hca_name,hca_idn)  values ('000083247315','1302050014','侯淑惠','E223332093');
insert into [dbo].[GEO_KGO_HCA_ORGAN](hca_card_number,organ_id,hca_name,hca_idn)  values ('000007301750','1142120001','姬偉貞','S223342027');
insert into [dbo].[GEO_KGO_HCA_ORGAN](hca_card_number,organ_id,hca_name,hca_idn)  values ('000002301378','1107350015','李佳芳','S222373304');

insert into [dbo].[GEO_KGO_HCA_ORGAN](hca_card_number,organ_id,hca_name,hca_idn)  values ('000008467869','1142120001','楊秀民','T222712295');
insert into [dbo].[GEO_KGO_HCA_ORGAN](hca_card_number,organ_id,hca_name,hca_idn)  values ('000008468542','1107320017','鄭鈺倩','E222308806');
insert into [dbo].[GEO_KGO_HCA_ORGAN](hca_card_number,organ_id,hca_name,hca_idn)  values ('000050827670','1102110011','吳淑惠','E222124257');
insert into [dbo].[GEO_KGO_HCA_ORGAN](hca_card_number,organ_id,hca_name,hca_idn)  values ('000075929814','1507300068','朱榆姍','S223993088');
insert into [dbo].[GEO_KGO_HCA_ORGAN](hca_card_number,organ_id,hca_name,hca_idn)  values ('000064129603','1507360028','方嬿婷','E223717532');

insert into [dbo].[GEO_KGO_HCA_ORGAN](hca_card_number,organ_id,hca_name,hca_idn)  values ('000058076653','1507360028','林姵妤','E225183481');
insert into [dbo].[GEO_KGO_HCA_ORGAN](hca_card_number,organ_id,hca_name,hca_idn)  values ('000057823463','3502110691','簡李麗紅','G220001753');
insert into [dbo].[GEO_KGO_HCA_ORGAN](hca_card_number,organ_id,hca_name,hca_idn)  values ('000006816596','1142100017','朱純慧','S222593708');
insert into [dbo].[GEO_KGO_HCA_ORGAN](hca_card_number,organ_id,hca_name,hca_idn)  values ('000082135212','1502090209','歐真怡','E222882727');
insert into [dbo].[GEO_KGO_HCA_ORGAN](hca_card_number,organ_id,hca_name,hca_idn)  values ('000076806739','502080015','王臻伯','N124082033');

insert into [dbo].[GEO_KGO_HCA_ORGAN](hca_card_number,organ_id,hca_name,hca_idn)  values ('000062488515','1507310019','陳維敏','E223552880');
insert into [dbo].[GEO_KGO_HCA_ORGAN](hca_card_number,organ_id,hca_name,hca_idn)  values ('000007277930','1107320017','楊雅惠','S223560454');
insert into [dbo].[GEO_KGO_HCA_ORGAN](hca_card_number,organ_id,hca_name,hca_idn)  values ('000003775888','1507300022','黃羿庭','S224831167');
insert into [dbo].[GEO_KGO_HCA_ORGAN](hca_card_number,organ_id,hca_name,hca_idn)  values ('000059960328','1502031095','高宷婕','S225750509');
insert into [dbo].[GEO_KGO_HCA_ORGAN](hca_card_number,organ_id,hca_name,hca_idn)  values ('000018837499','3502032914','陳毓文','E222150300');

insert into [dbo].[GEO_KGO_HCA_ORGAN](hca_card_number,organ_id,hca_name,hca_idn)  values ('000082561875','102070020','宋慧萱','E222371989');
insert into [dbo].[GEO_KGO_HCA_ORGAN](hca_card_number,organ_id,hca_name,hca_idn)  values ('000051366530','3502097684','楊美惠','T222466378');

------20221003 折扣標準 : 折扣標準--------------------------
INSERT INTO KGO_FUNCTION (Name,Url,F_Seq,OrderNum,FunctionId)VALUES('折扣標準','/discountStandard',2,24,'discountStandard')
INSERT INTO KGO_ROLE_FUNCTION(RoleId,FunctionId) VALUES ('ADMIN','discountStandard')
INSERT INTO KGO_ROLE_FUNCTION(RoleId,FunctionId) VALUES ('CASE_M','discountStandard')
INSERT INTO KGO_ROLE_FUNCTION(RoleId,FunctionId) VALUES ('UNIT_A','discountStandard')
INSERT INTO KGO_ROLE_FUNCTION(RoleId,FunctionId) VALUES ('UNIT_M','discountStandard')
INSERT INTO KGO_ROLE_FUNCTION(RoleId,FunctionId) VALUES ('UNIT_U','discountStandard')


------身份切換 : 身份切換--------------------------
INSERT INTO KGO_FUNCTION (Name,Url,F_Seq,OrderNum,FunctionId)VALUES('身份切換','/idSwitch',3,25,'idSwitch')
INSERT INTO KGO_ROLE_FUNCTION(RoleId,FunctionId) VALUES ('ADMIN','idSwitch')
INSERT INTO KGO_ROLE_FUNCTION(RoleId,FunctionId) VALUES ('CASE_M','idSwitch')
INSERT INTO KGO_ROLE_FUNCTION(RoleId,FunctionId) VALUES ('UNIT_A','idSwitch')
INSERT INTO KGO_ROLE_FUNCTION(RoleId,FunctionId) VALUES ('UNIT_M','idSwitch')
INSERT INTO KGO_ROLE_FUNCTION(RoleId,FunctionId) VALUES ('UNIT_U','idSwitch')


------查詢服務管理 : 查詢服務管理--------------------------
INSERT INTO KGO_FUNCTION (Name,Url,F_Seq,OrderNum,FunctionId)VALUES('查詢服務管理','/searchExCaseMgt',3,26,'searchExCaseMgt')
INSERT INTO KGO_ROLE_FUNCTION(RoleId,FunctionId) VALUES ('ADMIN','searchExCaseMgt')
INSERT INTO KGO_ROLE_FUNCTION(RoleId,FunctionId) VALUES ('CASE_M','searchExCaseMgt')
INSERT INTO KGO_ROLE_FUNCTION(RoleId,FunctionId) VALUES ('UNIT_A','searchExCaseMgt')
INSERT INTO KGO_ROLE_FUNCTION(RoleId,FunctionId) VALUES ('UNIT_M','searchExCaseMgt')
INSERT INTO KGO_ROLE_FUNCTION(RoleId,FunctionId) VALUES ('UNIT_U','searchExCaseMgt')

------場地案件檢視  : 場地案件檢視--------------------------
INSERT INTO KGO_FUNCTION (Name,Url,F_Seq,OrderNum,FunctionId)VALUES('場地案件檢視 ','/siteCaseView',3,28,'siteCaseView')
INSERT INTO KGO_ROLE_FUNCTION(RoleId,FunctionId) VALUES ('ADMIN','siteCaseView')
INSERT INTO KGO_ROLE_FUNCTION(RoleId,FunctionId) VALUES ('CASE_M','siteCaseView')
INSERT INTO KGO_ROLE_FUNCTION(RoleId,FunctionId) VALUES ('UNIT_A','siteCaseView')
INSERT INTO KGO_ROLE_FUNCTION(RoleId,FunctionId) VALUES ('UNIT_M','siteCaseView')
INSERT INTO KGO_ROLE_FUNCTION(RoleId,FunctionId) VALUES ('UNIT_U','siteCaseView')

------搜尋引擎開關 : 搜尋引擎開關--------------------------
INSERT INTO KGO_FUNCTION (Name,Url,F_Seq,OrderNum,FunctionId)VALUES('全球搜尋引擎開關','/searchEngine',3,27,'searchEngine')
INSERT INTO KGO_ROLE_FUNCTION(RoleId,FunctionId) VALUES ('ADMIN','searchEngine')
INSERT INTO KGO_ROLE_FUNCTION(RoleId,FunctionId) VALUES ('CASE_M','searchEngine')
INSERT INTO KGO_ROLE_FUNCTION(RoleId,FunctionId) VALUES ('UNIT_A','searchEngine')
INSERT INTO KGO_ROLE_FUNCTION(RoleId,FunctionId) VALUES ('UNIT_M','searchEngine')
INSERT INTO KGO_ROLE_FUNCTION(RoleId,FunctionId) VALUES ('UNIT_U','searchEngine')




